competition_id,name,country_name,type
A1,bundesliga,Austria,domestic_league
AFAC,afc-asian-cup,Europe,national_team_competition
AFCN,africa-cup-of-nations,Europe,national_team_competition
ARG1,torneo-apertura,Argentina,domestic_league
AUS1,a-league-men,Australia,domestic_league
BE1,jupiler-pro-league,Belgium,domestic_league
BESC,volkswagen-supercup,Belgium,other
BPO4,jupiler-pro-league-relegation-play-offs,Belgium,other
BRA1,campeonato-brasileiro-serie-a,Brazil,domestic_league
C1,super-league,Switzerland,domestic_league
CDR,copa-del-rey,Spain,domestic_cup
CIT,italy-cup,Italy,domestic_cup
CL,uefa-champions-league,Europe,international_cup
CLQ,uefa-champions-league-qualifying,Europe,international_cup
COPA,copa-america,Europe,national_team_competition
DFB,dfb-pokal,Germany,domestic_cup
DFL,franz-beckenbauer-supercup,Germany,other
DK1,superliga,Denmark,domestic_league
DKP,oddset-pokalen,Denmark,domestic_cup
ECLQ,uefa-conference-league-qualifying,Europe,other
EJPL,jupiler-pro-league-playoff-i,Belgium,other
EL,uefa-europa-league,Europe,other
ELQ,uefa-europa-league-qualifying,Europe,other
ES1,laliga,Spain,domestic_league
EURO,uefa-euro,Europe,national_team_competition
FAC,fa-cup,England,domestic_cup
FIWC,world-cup,Europe,national_team_competition
FR1,ligue-1,France,domestic_league
FRCH,trophee-des-champions,France,other
GB1,premier-league,England,domestic_league
GBCS,community-shield,England,other
GR1,super-league-1,Greece,domestic_league
GRP,kypello-elladas,Greece,domestic_cup
IT1,serie-a,Italy,domestic_league
JAP1,j1-league,Japan,domestic_league
KR1,supersport-hnl,Croatia,domestic_league
L1,bundesliga,Germany,domestic_league
MEX1,liga-mx-clausura,Mexico,domestic_league
MLS1,major-league-soccer,United States,domestic_league
NL1,eredivisie,Netherlands,domestic_league
NLP,knvb-beker,Netherlands,domestic_cup
NLSC,johan-cruijff-schaal,Netherlands,other
NO1,eliteserien,Norway,domestic_league
PL1,pko-bp-ekstraklasa,Poland,domestic_league
PO1,liga-portugal,Portugal,domestic_league
POBE,jupiler-pro-league-europe-play-offs,Belgium,other
POSU,supercup-candido-de-oliveira,Portugal,other
RO1,superliga,Romania,domestic_league
RSK1,k-league-1,"Korea, South",domestic_league
RU1,premier-liga,Russia,domestic_league
RUP,russian-cup,Russia,domestic_cup
RUSS,russian-super-cup,Russia,other
SA1,saudi-pro-league,Saudi Arabia,domestic_league
SC1,scottish-premiership,Scotland,domestic_league
SCI,supercoppa-italiana,Italy,other
SE1,allsvenskan,Sweden,domestic_league
SER1,super-liga-srbije,Serbia,domestic_league
SFA,scottish-fa-cup,Scotland,domestic_cup
SUC,supercopa,Spain,other
TR1,super-lig,Türkiye,domestic_league
TS1,chance-liga,Czech Republic,domestic_league
UCOL,uefa-conference-league,Europe,other
UKR1,premier-liga,Ukraine,domestic_league
UKRP,ukrainian-cup,Ukraine,domestic_cup
USC,uefa-super-cup,Europe,international_cup
